{
	"maincontent": {
		"imagelefttext": "We are committed to deliver high quality write-up specially catered to Researchers, Clinicians, healthcare providers and pharmaceutical companies. Moreover, our domains of expertise expand to deliver contents for other organizations and individuals with varied interests, needs and subjects. We have a pool of experienced writers working with us to serve your need. We provide complete assistance for writing your thesis/dissertation/content with entire flexibility from your side to constantly guide us regarding how you want to frame your document. Once you handover your proposal/draft/data to us, we assign a suitable expert in that domain to be in constant touch with you to formulate your assignment in your way. In addition, our expert and mentor pool will give you valuable opinions and suggestions to make your document a flawless write-up.",
		"imagebottomtext1": "As part of thesis drafting services, we are committed to ensuring quality of work and satisfaction for our clients. Our services are meant for assisting in the completion of your research proposal, dissertation, and thesis with confidence and outstanding quality. Our mentors also provide guidance regarding choice of research topic, study design and necessary methodology to add value and uniqueness to your research. However, we never participate or encourage any sort of manipulation, fabrication and unethical alteration of data to manufacture a research. Our service is meant only for improving the language, enhancing scientific clarity, assistance in data mining, literature searching and writing your research. We strictly adhere to zero plagiarism policy and is open to edit and alter any sort of error done from your side at any point of time.",
		"imagebottomtext2": "We have designed and developed our services considering the needs of the students, researchers, physicians, healthcare industries from various parts of the world. At ‘EWRITERSDESK’ we are committed for:",
		"imagebottombuletpt": [
			{
				"text": "On time delivery"
			},
			{
				"text": "Zero plagiarism"
			},
			{
				"text": "Round the clock interaction with client and editor"
			},
			{
				"text": "High confidentiality"
			},
			{
				"text": "Reasonable charges and trusted payment options"
			}
		]
	}
}