{
    "root": [
        {
            "heading": "Whitepaper Writing",
            "content": "Time is the most precious component in our work module. We thrive to deliver your project without delay and with the expected quality."
        },
        {
            "heading": "Scientific Writing",
            "content": "We give an opportunity to you to assess our potential. For large assignments, we provide a watermarked free-first draft to assess the expected benchmark from your side. Only if you like, you will pay for the further assignment."
        },
        {
            "heading": "Scientific Blog",
            "content": "The project assigned or discussed to us in part or full is completely secured with us. We do not share your content/Idea/data with any other individual or institution. We are committed to maintain the privacy and our writers never demand a partial/full ownership of the writing. It is protected completely by a privacy agreement."
        }
    ]
}