{
    "root": [
        {
            "heading": "Product Brochure and Catalogue",
            "content": "Time is the most precious component in our work module. We thrive to deliver your project without delay and with the expected quality."
        },
        {
            "heading": "Regulatory Writing",
            "content": "We give an opportunity to you to assess our potential. For large assignments, we provide a watermarked free-first draft to assess the expected benchmark from your side. Only if you like, you will pay for the further assignment."
        },
        {
            "heading": "Product Launching Content",
            "content": "The project assigned or discussed to us in part or full is completely secured with us. We do not share your content/Idea/data with any other individual or institution. We are committed to maintain the privacy and our writers never demand a partial/full ownership of the writing. It is protected completely by a privacy agreement."
        },
        {
            "heading": "Medical Communication Content",
            "content": "We thrive to deliver you the original work with zero plagiarism. We check the content with plagiarism checking software before delivering the same. We are open to change any plagiarized writing from us in free, if redirected to us with appropriate plagiarism report."
        }
    ]
}