{
    "root": [
        {
            "heading": "Bengali to English",
            "content": "Time is the most precious component in our work module. We thrive to deliver your project without delay and with the expected quality."
        },
        {
            "heading": "English to Bengali",
            "content": "We give an opportunity to you to assess our potential. For large assignments, we provide a watermarked free-first draft to assess the expected benchmark from your side. Only if you like, you will pay for the further assignment."
        }
    ]
}